"Id","Email","PhoneNumber"
"1","aa@gmail.com","333333333"
"3","www@gmail.com","123456789"
"4","piotr@gmail.com","515111111"
"5","MP@gmail.com","777555333"
"6","TG@interia.pl","111444777"
"7","WP@o2.pl","753951852"
"8","EB@gmail.com","751953555"
"9","JD@onet.pl","214896325"
"10","JP@interia.pl","256856854"
"11","IW@gmail.com","525589965"
"12","UJ@wp.pl","854753963"
"13","CK@onet.pl","536298741"
"16","PJ@onet.pl","123654787"
"17","sajgon@gmail.com","789888555"
"18","BurgKing@burgerking.com","758362"
"19","PizHut@hutpiz.com","125478963"
"20","Makar@onet.pl","357222333"
"21","MacTac@gmail.com","777888999"
"22","War@wp.pl","963555719"
"23","Man@onet.pl","503070809"
"24","Zahir@gmail.com","603540000"
"25","Basia@interia.pl","889955623"
"26","MichalSum@onet.pl","789523641"
"27","PawkoJakub@gmail.com","789321852"
"28","Pat@wp.pl","741236987"
"29","Jarek@op.pl","852367415"
"30","Rado@interia.pl","887898998"
"31","Irek@wp.pl","786934545"
"32","Edi@o2.pl","457389823"
"33","Nat@gmail.com","234506723"
"34","Zuza@o2.pl","258951749"
